title,completed
Karlsson Brothers (Bröderna Karlsson),true
Book of Love,true
Omar,true
Party Girl,false
Tokyo Story (Tôkyô monogatari),true
Reel Bad Arabs: How Hollywood Vilifies a People,false
30 Beats,false
War of the Wildcats (In Old Oklahoma),true
360,true
Rat King,true
American Gothic,true
Harrison s Flowers,true
Houdini,false
Zatoichi and the Chest of Gold (Zatôichi senryô-kubi) (Zatôichi 6),false
Harry Potter and the Deathly Hallows: Part 2,false
Erkan & Stefan 2,true
Hidden (a.k.a. Cache) (Caché),true
"Santa Clause 2, The",true
Funny Lady,true
Little Fridolf Becomes a Grandfather,false
Duelist (Hyeongsa),true
The Dark Valley,false
"Black Sabbath (Tre volti della paura, I)",true
Stingray Sam,true
"Day, The",false
"Sisterhood of the Traveling Pants 2, The",false
Lost and Found,true
"Christmas Toy, The",false
"Fourth Kind, The",false
Voices of Iraq,false
Too Many Cooks,true
Reconstruction,false
Heavyweights (Heavy Weights),false
Cathy Come Home,true
Neurons to Nirvana,true
"Maybe, Maybe Not (Bewegte Mann, Der)",false
Fancy Pants,false
Hollywood Ending,true
Greedy,false
Book of Shadows: Blair Witch 2,false
Big Pun: The Legacy,true
Princess of Mars,false
X-Men,false
"Love Bug, The",true
The Missing,true
Jingle All the Way 2,false
"Saragossa Manuscript, The (Rekopis znaleziony w Saragossie)",false
Pet Sematary,true
"Bridges of Madison County, The",true
Cross of Iron,true
Terror is a Man,false
Hard Luck,false
"Gruffalo, The",false
Ce que mes yeux ont vu,true
Nobody Owns Me (Mig äger ingen),false
Without a Clue,true
Electile Dysfunction,true
I m Starting From Three (Ricomincio da Tre),true
"Familie, En",true
Manhattan Melodrama,false
War of the Robots (La guerra dei robot),true
Superman and the Mole-Men,true
"Bound by Honor (a.k.a. Blood In, Blood Out)",false
Breaking Out (Vägen ut),false
"Soupe aux Choux, La",false
"Puff, Puff, Pass",true
"Wildest Dream, The",false
Holiday Inn,false
Simon Birch,true
Play Dirty,true
"Book Thief, The",true
"Ten Shrews, The (Kymmenen riivinrautaa)",true
"End of St. Petersburg, The (Konets Sankt-Peterburga)",true
Between the Sheets (Entre Lençóis),true
Ichi the Killer (Koroshiya 1),false
Milagro Beanfield War,false
$ellebrity (Sellebrity),false
Love Crazy,false
Pageant,false
"Dancing Masters, The",true
The Beast of the City,false
"Philadelphia Experiment, The",false
Hello Down There,false
Plastic Paradise: The Great Pacific Garbage Patch,false
Nine Miles Down,false
Duo (Pas de deux),false
"Pacifier, The",true
The Lumière Brothers  First Films,false
Yellowbeard,false
My Family,false
"Jo Jo Dancer, Your Life is Calling",true
Wild Horses (Caballos salvajes),false
Cleanflix,true
Anne of Green Gables,true
Ticking Clock,true
Sudden Fear,true
Elaine Stritch: Shoot Me,false
For Love and Gold (L armata Brancaleone),false
"Watch, The",false
Dear Mr. Watterson,true
"Year My Parents Went on Vacation, The (O Ano em Que Meus Pais Saíram de Férias)",true
Inkheart,true
Viva Cuba,true
Zebraman,true
"River Runs Through It, A",false
Invasion of the Bee Girls,true
Comic Book: The Movie,true
Project A ( A  gai waak),true
Opening Night,true
Delta of Venus,true
Live Nude Girls,true
Skyscraper Souls,false
Knick Knack,true
Monsoon Wedding,false
Port of Shadows (Quai des brumes),true
The Land Before Time XII: The Great Day of the Flyers,false
Pretty Maids All in a Row,true
Deadgirl,true
"Bikini Carwash Company, The",true
In A Day,false
Bride of Chucky (Child s Play 4),true
Caddyshack II,true
Side Effects,false
Oklahoma!,true
In the City (En la ciudad),true
The Dark Valley,true
Switching Channels,false
Support Your Local Gunfighter,false
Smart People,false
Two Years at Sea,true
"3, 2, 1... Frankie Go Boom (Frankie Go Boom)",false
About Last Night...,false
Black Eagle,true
She s the One,true
Breath (Soom),false
Secret Honor,true
Hotel Chevalier (Part 1 of  The Darjeeling Limited ),false
Mina Tannenbaum,false
Blast of Silence,false
Primary,true
Corto Maltese: The Guilded House of Samarkand (La maison dorée de Samarkand),true
"Order, The",true
Windows,true
Up in Smoke,false
"Rachel, Rachel",false
Stunt Rock,true
"Andalusian Dog, An (Chien andalou, Un)",true
North Dallas Forty,true
Bitter Rice (Riso amaro),false
No Way Out,false
Lackawanna Blues,false
Tokyo Gore Police (Tôkyô zankoku keisatsu),true
Bertsolari,true
"Effect of Gamma Rays on Man-in-the-Moon Marigolds, The",false
"Amelie (Fabuleux destin d Amélie Poulain, Le)",false
Perfect Sisters,false
10.000 Km (Long Distance),false
Career Opportunities,false
"Hit, The",true
"Cremator, The (Spalovac mrtvol)",true
"Pursuit of D.B. Cooper, The (a.k.a. Pursuit)",true
Drawing Restraint 9,true
Blue Collar Comedy Tour: The Movie,false
Civic Duty,true
"Bat People, The",true
Ninja Scroll (Jûbei ninpûchô),false
"China Lake Murders, The",true
"Stranger, The",true
Belles on Their Toes,false
When the Levees Broke: A Requiem in Four Acts,true
Parallel Sons,true
Body Shots,false
George Carlin: It s Bad for Ya!,true
Death Machine,true
One Night with the King,true
Evolver,true
Sudden Death,false
Jesus of Nazareth,true
Be Cool,true
Afternoon Delight,true
Delusion,false
Drunks,true
Bright Lights (Adventures in Africa),true
Dark Habits (Entre tinieblas),false
"Last of Robin Hood, The",true
JCVD,false
"Accidental Spy, The (Dak miu mai shing)",false
Rat,true
"Bread, My Sweet, The (a.k.a. Wedding for Bella, A)",true
Jungle2Jungle (a.k.a. Jungle 2 Jungle),true
"Immigrant, The",true
I Saw Mommy Kissing Santa Claus,true
Bad Words,false
Amore (L Amore),false
Fawlty Towers (1975-1979),true
Jack Brooks: Monster Slayer,false
"Thin Line Between Love and Hate, A",false
Voices from the List,false
Björk at the Royal Opera House,false
Female Trouble,true
Below the Belt,true
"Ordet (Word, The)",false
Neurons to Nirvana,false
Kvarteret Skatan reser till Laholm,true
Two Brothers (Deux frères),true
"Hills Run Red, The",true
Brick Lane,true
Won t Back Down,true
My Own Private Idaho,false
For Sale (À Vendre),false
"Incredible Hulk Returns, The",false
"Triplets of Belleville, The (Les triplettes de Belleville)",true
Slasher,true
"Toxic Avenger Part III: The Last Temptation of Toxie, The",true
"Lord, Save Us from Your Followers",false
"King of Marvin Gardens, The",true
Dredd,false
Mandela: Long Walk to Freedom,false
"Return of Jafar, The",true
"Other Side of Sunday, The (Søndagsengler)",true
"Private Life of Sherlock Holmes, The",false
Paperhouse,false
Questioning Darwin,false
Two Brothers (Deux frères),false
On the Threshold (Lars i porten),true
"Gleaners & I, The (Les glaneurs et la glaneuse)",true
"Caller, The",true
Belarmino,false
"Star Chamber, The",false
May,false
"Dungeonmaster, The",false
"Man Who Came to Dinner, The",true
High Time (Big Daddy),false
Incognito,true
"Scarecrow, The",true
Until the End of the World (Bis ans Ende der Welt),false
31 North 62 East,true
Mayor of the Sunset Strip,true
Christmas Evil (a.k.a. You Better Watch Out),false
"Nightmare in Las Cruces, A",true
Koran by Heart,false
Six Shooter,true
Bolt,true
Night Train to Munich,false
Flubber,false
Tampopo,false
Underclassman,true
Tonight You re Mine,false
1971,true
Life of Pi,false
Pandemonium,false
It s Love I m After,false
How to Make a Monster,true
Metropolis,true
For Richer or Poorer,true
Jack Goes Boating,false
Kama Sutra: A Tale of Love,true
How Wang-Fo Was Saved (Comment Wang-Fo fut sauvé),true
"Devil and Daniel Webster, The (All That Money Can Buy)",true
Extremities,false
Hoop Dreams,true
Odd Man Out,true
Tron: Legacy,true
Bubba Ho-tep,false
Immediate Family,false
"Avengers, The",true
"Isle, The (Seom)",false
Happy New Year,true
Amber Lake ,false
Pink Floyd: The Wall,true
Punching the Clown,true
Fresh Guacamole,false
Show People,true
Traces of Red,false
Blow,false
"Muppet Christmas: Letters to Santa, A",false
Two Evil Eyes,false
Bicentennial Man,true
White Light/Black Rain: The Destruction of Hiroshima and Nagasaki,false
Northern Lights,true
Run All Night,false
Catwalk,false
Don t Tell Anyone (No se lo digas a nadie),true
Flesh & Blood,true
Beyond the Rocks,true
"Swarm, The",false
Marvin Gaye: What s Going On,false
Johnny Be Good,false
"Stone Left Unturned, A (Kovat miehet)",false
White Wedding (Noce blanche),false
Undefeatable,false
Shrek the Musical,true
Girl Walks Into a Bar,true
"Very Potter Musical, A",false
"Agronomist, The",false
"Park Avenue: Money, Power and the American Dream",true
"Garden of the Finzi-Continis, The (Giardino dei Finzi-Contini, Il)",true
Seance on a Wet Afternoon,true
"Taste of Honey, A",false
Zodiac,true
"Cry of the Owl, The",false
El asombroso mundo de Borjamari y Pocholo,false
In the Beginning (À l Origine),false
Ernest in the Army,true
Sordid Lives,false
Santa Fe,true
"Synecdoche, New York",false
Caveman,true
"Brasher Doubloon, The",true
Confessions of a Dangerous Mind,false
Lotta 2: Lotta flyttar hemifrån,true
Foreign Letters,true
Varasto,false
Invisible Target (Naam yi boon sik),false
When Dinosaurs Ruled the Earth,true
In Order of Disappearance (Kraftidioten),false
"Wildest Dream, The",false
Jetsons: The Movie,false
Two Men in Manhattan (Deux hommes dans Manhattan),true
Tokyo!,false
"Son-Daughter, The",false
Vääpeli Körmy ja marsalkan sauva,false
Marlene Dietrich: Shadow and Light,false
Saratoga Trunk,false
Back to the Future,false
Life of Pi,true
Tristram Shandy: A Cock and Bull Story,true
"Dog Year, A",false
"Russia House, The",false
Police Story (Ging chaat goo si),true
"Final Destination, The (Final Destination 4) (Final Destination in 3-D, The)",true
Symbol (Shinboru),true
It Felt Like a Kiss,true
Hansel & Gretel,true
Deuce Bigalow: European Gigolo,false
Ryan,false
Adrift in Tokyo (Tenten),false
"Bag Man, The",false
Dirty Rotten Scoundrels,true
Justice League: The Flashpoint Paradox,true
"Leslie, My Name is Evil (Manson, My Name is Evil)",false
Jalla! Jalla!,true
Headless Body in Topless Bar,false
"Birds, The",false
Missing William,false
Meet Me at the Fair,false
"Rainmaker, The",false
B*A*P*S,false
"Alamo, The",true
Shadows of Liberty ,true
The Inhabited Island 2: Rebellion,false
"Chinese Ghost Story II, A (Sien nui yau wan II yan gaan do)",false
Rocks in my Pockets,true
Bad Words,false
Primrose Path,true
23 (23 - Nichts ist so wie es scheint),true
Spanking the Monkey,true
Kid Galahad,false
Morning Glory,true
"Triplets of Belleville, The (Les triplettes de Belleville)",false
"Game of Their Lives, The",false
Life s a Breeze,false
Head,true
American Horror House (Sorority Horror House),true
The Magnificent Trio,true
Donkey Xote,false
After Life (Wandafuru raifu),true
Ghost in the Shell (Kôkaku kidôtai),false
"Stepfather, The",true
Captain Phillips,false
Rockin  in the Rockies,false
 71,true
We Are from the Future (My iz budushchego),true
One Night of Love,false
"Day in the Life, A",false
12:08 East of Bucharest (A fost sau n-a fost?),false
Babe: Pig in the City,false
Incantato (Il cuore altrove),true
Aladin,true
"Longest Yard, The",false
Mr. Untouchable,false
"War, Inc.",false
Class,false
"King of Kong, The",false
History Is Made at Night,false
"Murder of Crows, A",false
"Bad and the Beautiful, The",true
Floods of Fear,true
Oh Happy Day,true
Uncommon Valor,true
Shipwrecked (a.k.a. Haakon Haakonsen),false
The Color of Milk,true
Snowblind,false
World War Z,false
Citizen X,true
"Burial Ground (a.k.a. Zombie Horror) (a.k.a. Zombie 3) (Notti del Terrore, Le)",false
"Astronaut Farmer, The",false
"Jungle Book, The",true
The Woodcarver,true
Chernobyl Diaries,false
Casanova  70,true
Carne de gallina (Chicken Skin),false
Commandos Strike at Dawn,false
Farinelli: il castrato,false
Captive (Cautiva) ,false
"Peck on the Cheek, A (Kannathil Muthamittal)",true
All Relative,false
Peculiarities of the National Fishing (Osobennosti natsionalnoy rybalki),true
Die Hard: With a Vengeance,true
Niagara,false
Preaching to the Perverted,false
Hard Sun,true
Centennial,false
Kids for Cash,false
Double Trouble,false
Mea Maxima Culpa: Silence in the House of God,false
"Secret Life of Walter Mitty, The",false
Cuckoo in a Dark Forest (Kukacka v temném lese) ,true
"J. Gang Meets Dynamite Harry, The (Jönssonligan & DynamitHarry)",false
Indian Summer (a.k.a. The Professor) (La prima notte di quiete),false
Miss You Can Do It,false
Smiles of a Summer Night (Sommarnattens leende),true
Shanghai,false
Devil in the Flesh,true
Fabled,false
Against All Odds,true
Hostel: Part III ,true
"Rare Breed, The",false
Cowspiracy: The Sustainability Secret,true
Home of the Brave,true
Simply Irresistible,false
Attack Force Z (a.k.a. The Z Men) (Z-tzu te kung tui),true
"Great War, The (Grande guerra, La)",false
Hot Tub Time Machine,false
Foxes,true
Strongman,true
"Long, Hot Summer, The",true
Life,false
Cujo,false
Long Hello and Short Goodbye,true
Sherlock Holmes,true
"Five Obstructions, The (Fem benspænd, De)",true
"Cigarette Girl of Mosselprom, The (Papirosnitsa ot Mosselproma)",true
"Asthenic Syndrome, The (Astenicheskiy sindrom)",false
Allan Quatermain and the Lost City of Gold,false
Love unto Death (L amour a mort),false
Lost Highway,false
33 Postcards,true
"Devil Is a Woman, The",true
Odd Man Out,false
Re-cycle (Gwai wik),false
"Battle for Marjah, The",false
49th Parallel,true
Stopped on Track,false
In Her Shoes,false
Reservoir Dogs,false
Breakheart Pass,true
Palo Alto,false
Modigliani,false
"Terrible Kids (Enfants terribles, Les) (Strange Ones, The)",false
Eerie Tales (Unheimliche Geschichten),true
Saturday Night,true
"Foot Fist Way, The",false
Black Beauty,true
Weekender,true
FLCL,true
"Invisible Man, The",true
Nico Icon,false
Clue,true
Annabelle,true
Shaolin Temple (Shao Lin si),false
"Spanish Apartment, The (L auberge espagnole)",false
Simon Says,false
Ghost Story,true
Creep,true
Killing Lincoln,true
Gorillas in the Mist,false
"Ketchup Effect, The (Hip Hip Hora!)",true
Tyler Perry s Meet the Browns,false
Cohen and Tate,true
Songcatcher,true
Criminal Lovers,true
Showdown in Little Tokyo,false
Countdown,true
G. I. Blues,true
"Beat That My Heart Skipped, The (battre mon coeur s est arrêté, De)",true
One Man Band,false
"Lady and the Reaper, The (Dama y la muerte, La)",true
Hell Drivers,true
Pete  n  Tillie,true
Where Is Fred!? (Wo ist Fred?),false
Another Stakeout,true
"South Shaolin Master, The (Nan quan wang)",false
Big Hero 6,true
Score: A Hockey Musical,false
Land of the Lost,false
Seed of Chucky (Child s Play 5),true
The Count of Monte Cristo,true
Blackboards (Takhté Siah),true
Welcome to the Sticks (Bienvenue chez les Ch tis),false
Wild Wild West,false
Priceless (Hors de prix),false
I Hope They Serve Beer in Hell,false
"Man, Woman and Beast (L uomo la donna e la bestia)",true
Cattle Queen of Montana,true
"Sandlot, The",true
"Mission, The (Cheung fo)",true
Dumplings (Gaau ji),true
"Marine, The",true
"Penalty, The",true
Purge (Puhdistus),true
Step Into Liquid,true
Afstiros katallilo,true
"Bachelor, The",true
"Windmill Movie, The",false
Shriek If You Know What I Did Last Friday the Thirteenth,true
Day of the Outlaw,true
Here Comes the Boom,true
Embodiment of Evil (Encarnação do Demônio),false
I Dreamed of Africa,false
Taking Sides,true
Fresh Bait (L appât) ,true
"Foreigner, The",false
Alone for Christmas,false
"Remains of the Day, The",true
Desert Bloom,false
Abbott and Costello Meet Dr. Jekyll and Mr. Hyde,true
Schultze Gets the Blues,false
Django 2: Django Strikes Again,false
"Year My Voice Broke, The",false
"Temp, The",true
Simon,false
I Am,false
Support Your Local Sheriff!,false
"Mark of Cain, The",true
"Big Red One, The",true
Make Way for Tomorrow,true
Test Pilot,false
Sarah Silverman:  We Are Miracles,true
Paris Is Burning,true
"Story of Three Loves, The",false
My Family,true
Target,true
Fort McCoy,true
Black Friday,true
Broadway Idiot,true
Misconception,false
Colossal Youth (Juventude Em Marcha),true
Russkies,false
"Sound of Fury, The",true
"Trip, The",true
"Gospel, The",false
"Ballad of Nessie, The",true
Cry of the City,true
Natural Born Killers,true
Madhouse,true
Shirin,false
Tokyo Decadence (Topâzu),true
Stick It,false
Encore,false
Kiss of the Damned,false
Waterloo Bridge,true
Home on the Range,true
Assault on Precinct 13,false
Love & Human Remains,true
Sabotage,true
Killjoy Goes to Hell,true
Stepmom,false
"Alphabet Killer, The",false
"Kid from Brooklyn, The",true
Knight Without Armor,false
"Magic Gloves, The (Los guantes mágicos)",true
Scary Movie 5 (Scary MoVie),false
Stonehenge Apocalypse,false
Somebody is Waiting,true
Killer Force,true
Silent Sonata,false
"It s Not Me, I Swear! (C est pas moi, je le jure!)",true
"Mouse That Roared, The",true
Dark Alibi,false
"Premature Burial, The",true
Warrendale,false
So Young (Zhi wo men zhong jiang shi qu de qing chun),false
Pentimento,true
From Dusk Till Dawn 3: The Hangman s Daughter,true
Ménilmontant,false
Dragon Ball Z: Fusion Reborn (Doragon bôru Z 12: Fukkatsu no fyushon!! Gokû to Bejîta),true
The Last Station,true
We Are What We Are (Somos lo que hay),true
Me and the Colonel ,true
Female,false
Call Her Savage,true
"Escapist, The",true
Hick,false
S.W.A.T.: Firefight,false
Tapia,false
"Comedy of Terrors, The",false
Scary Movie,true
I ve Loved You So Long (Il y a longtemps que je t aime),false
Black River (Kuroi kawa),false
Kill Me Again,false
Mean Streets,false
"Girl, Positive",true
"American Nightmare, The",true
Paulie,true
Blue Spring (Aoi haru),true
Mother India,true
Police Academy 4: Citizens on Patrol,true
Miracle on 34th Street,false
Wilbur Wants to Kill Himself,false
Summer Lovers,true
Stanley Kubrick: A Life in Pictures,true
Age of the Dragons,true
Endeavour,false
Garfield s Fun Fest,false
Flower in Hell (Jiokhwa),false
Uranus,true
Blossoms in the Dust,false
Dead Space: Aftermath,false
Frances Ha,false
Viagem a Portugal,true
Blind Spot: Hitler s Secretary (Im toten Winkel - Hitlers Sekretärin),true
Mary and Max,true
"Brain, The",false
"Big Lift, The",true
Silent Running,false
Out at the Wedding,false
Osaka Elegy (Naniwa erejî),false
Cat on a Hot Tin Roof,false
"Gabby Douglas Story, The",true
Violent Saturday,true
Aftermath,false
Into the White (Cross of Honour),false
Scavenger Hunt,true
West Side Story,true
"Hills Have Eyes, The",false
Magic in the Moonlight,false
Dragon Age: Redemption,true
49 Up,true
Road to Zanzibar,true
Sergeant Körmy and the South Pacific (Vääpeli Körmy ja etelän hetelmät),true
City of Men (Cidade dos Homens),true
Amityville: Dollhouse,false
"Tunnel, The",false
Bananas!*,true
It! The Terror from Beyond Space,true
Valley Uprising,true
The Duke of Burgundy,false
My Stepmother Is an Alien,true
Godzilla (Gojira),true
Abbott and Costello Meet Dr. Jekyll and Mr. Hyde,true
It,true
"Misérables, Les",true
"Man with No Shadow, The (Homme sans ombre, L )",false
Beck - Familjen,true
Serving Sara,false
"Wreck of the Mary Deare, The",false
About Cherry,false
Madonna of the Seven Moons,true
West Side Story,false
Andy Hardy s Blonde Trouble,false
He Got Game,false
I Belong (Som du ser meg),true
Badlands,true
"Crow: City of Angels, The",true
Lilting,false
Diamonds Are Forever,true
"Great Texas Dynamite Chase, The",true
Godzilla vs. Destroyah (Gojira vs. Desutoroiâ) ,true
Without Lying Down: Frances Marion and the Power of Women in Hollywood,false
"East, The",false
"Autobiography of Nicolae Ceausescu, The (Autobiografia lui Nicolae Ceausescu)",false
Cobra,true
36 Hours,false
Journeys with George,false
Blood and Wine (Blood & Wine),false
Edison Kinetoscopic Record of a Sneeze,true
Bill Burr: Why Do I Do This?,false
"Passion of Anna, The (Passion, En)",false
Four Nights with Anna (Cztery noce z Anna),true
Antonia s Line (Antonia),false
Mabel s Married Life,false
Indiscreet,true
"Born Losers, The",true
Starting Out in the Evening,false
"Debt, The (Dlug)",true
Mahjong (Ma jiang),false
"Promised Life, The (Vie promise, La)",true
Castle in the Desert (Charlie Chan in Castle in the Desert),true
"Paris, I Love You (Paris, je t aime)",true
"Story of Esther Costello, The",true
Fata Morgana,true
Exit Wounds,true
"Balance, La",false
"Patch of Blue, A",false
Force of Evil,true
Five Card Stud (a.k.a. 5 Card Stud),false
"Last Exorcism Part II, The",false
"Wheeler Dealers, The",true
Drive Angry,false
"Beautiful Person, The (La belle personne)",false
Head Over Heels,true
Gladiator,true
Little Lili (La petite Lili),false
Mammoth (Mammut),true
Kismet,true
Life of Crime,true
"Gypsy Moths, The",true
Alias the Doctor,true
Among Giants,true
Upstream,false
Reckless,false
"Dirties, The",false
"Irony of Fate, or Enjoy Your Bath! (Ironiya sudby, ili S legkim parom!)",true
About a Boy,true
"Christmas Tale, A (Un conte de Noël)",false
Waiting for Happiness (Heremakono),true
Adventures of Kitty O Day (Kitty O Day Comes Through),false
Summer Stock,false
Hi-Yo Silver,false
Frozen Hell (Jäämarssi) ,false
Love! Valour! Compassion!,false
Gigantic (A Tale of Two Johns),true
"Half Life of Timofey Berezin, The (PU-239)",false
Get Shorty,true
Who Can Kill a Child? (a.k.a. Island of the Damned) (¿Quién puede matar a un niño?),true
Dogs in Space,false
Clockers,true
"Testament of Orpheus, The (Testament d Orphée)",true
Oldboy,false
Burton and Taylor,false
Rawhead Rex,true
Schindler s List,true
One Point O,true
"Incredible Shrinking Man, The",false
Sinbad of the Seven Seas,true
Dance with a Stranger,false
Fanny and Alexander (Fanny och Alexander),true
"Battle of the Rails, The (La bataille du rail)",false
Blood: The Last Vampire,true
Rembrandt s J accuse,false
Waiting for Superman,false
Only the Strong Survive - A Celebration of Soul,false
"Few Good Men, A",true
Amar Akbar Anthony,false
Welcome,false
Bringing Up Bobby,false
Quackser Fortune Has a Cousin in the Bronx,true
Eight Days a Week,false
Rare Birds,true
"Girl, The",false
Kiss Me Deadly,true
"Home of Our Own, A",false
She Creature (Mermaid Chronicles Part 1: She Creature),true
Mad Dog Coll,false
"Salvation, The",true
Red Road,true
"Hollow Crown, The",false
Dolphin Tale,true
Dark Tide,true
Innocence,false
"Bride with White Hair, The (Bai fa mo nu zhuan)",true
Life Is Sweet,true
White Night Wedding (Brúðguminn),false
Deja Vu,true
Open House ,true
Battlestar Galactica: The Plan,true
Idle Mist (Vana Espuma),false
Squanto: A Warrior s Tale,false
Zanjeer,true
Rockaway,true
Cell 211 (Celda 211),true
Penny Dreadful,false
Lola Versus,true
Dance of the Dead,true
True Confession,false
Cavalcade,true
Home Run,true
Surviving Picasso,true
Mary Reilly,false
Come Live with Me,true
Captain Conan (Capitaine Conan),false
Elsewhere,false
"Friend of Mine, A (Ein Freund von mir)",true
"White Darkness, The",false
"No Blood Relation (Stepchild, The) (Nasanunaka)",false
Madeline,true
Beverly Hills Cop,false
Passenger 57,true
"House Bunny, The",false
Crimes of the Future,true
Grief,false
She s So Lovely,true
"Last Man on Earth, The (Ultimo uomo della Terra, L )",false
Hemingway & Gellhorn,true
Uncounted: The New Math of American Elections,false
Dil Se,true
Skokie ,false
Campus Man,false
"Big Fix, The",true
"Real McCoy, The",true
In the Navy,false
Above the Rim,true
Bad Ass,true
Iran Is Not the Problem,true
Neighbors,true
Age of Tomorrow,false
Lassie,false
"Silent Night, Deadly Night III: Better Watch Out!",false
Noriko s Dinner Table (Noriko no shokutaku),false
Pan Tadeusz: The Last Foray in Lithuania (Pan Tadeusz),false
But Not for Me,false
Brighton Rock,false
Dillinger Is Dead (Dillinger è morto),true
Take Out,true
"Sport, Sport, Sport",false
King Cobra,false
This Land Is Mine,false
247°F ,true
Freedom Writers,false
Hancock,true
Comedy of Innocence (Comédie de l innocence),true
Saratoga,false
That Most Important Thing: Love (L important c est d aimer),true
Tai Chi Master (Twin Warriors) (Tai ji: Zhang San Feng),true
Pumping Iron II: The Women,false
"Hunter, The",true
Dark Skies,false
"Ladies Man, The",true
Between the Sheets (Entre Lençóis),false
Mister Johnson,true
Are All Men Pedophiles,true
Appleseed Alpha,false
Forbidden Games (Jeux interdits),true
88 Minutes,false
Destruction Force,true
Gone in 60 Seconds,false
"Butcher Boy, The",true
Big Momma s House 2,true
Beauty and the Boss,true
Invasion of the Body Snatchers,true
"Way, The",true
Floating,true
"Pain in the Ass, A (L emmerdeur)",false
"Scarecrow, The",true
Expect No Mercy,false
Love Steaks,true
Man in the Chair,false
Puss in Boots: The Three Diablos,false
"Eye for an Eye, An (Silmä silmästä)",true
Pushing Hands (Tui shou),false
Pirates of the Caribbean: The Curse of the Black Pearl,false
"Navigator: A Mediaeval Odyssey, The",false
Asfalto,true
"Citadel, The",true
"Passion of Darkly Noon, The",true
Until Death,false
Out of Reach,true
Let Me In,false
First Man Into Space,true
Great Balls of Fire!,false
Scarface,true
"Bad News Bears Go to Japan, The",false
Billy Madison,false
"When You Comin  Back, Red Ryder?",false
Cirque du Soleil: Varekai,true
Bullets Don t Argue,true
"Mob, The",false
Son of Frankenstein,true
"Luzhin Defence, The",false
Basic,false
My Father the Hero,false
The Studio Murder Mystery,false
Teddy Bear (10 timer til Paradis),true
End of the World,true
Bionicle 3: Web of Shadows,false
Belly 2: Millionaire Boyz Club,false
Wreckers,false
Lost Boundaries,true
Robin Hood,false
Death of a Nation - The Timor Conspiracy,false
Crane World (Mundo grúa),true
"Cove, The",false
A Promise,false
"House, The (A Casa)",false
Silk Stockings,true
Fog Over Frisco,false
Henry & June,true
Cherish,false
Adam Resurrected,true
Juliet of the Spirits (Giulietta degli spiriti),false
My Gun is Quick,true
Rails & Ties,false
Wishful Drinking,true
Infernal Affairs 2 (Mou gaan dou II),false
Nothing Like the Holidays,true
Godzilla vs. Mothra (Mosura tai Gojira),false
"Sorry, Wrong Number",false
$9.99,true
Black Hand,true
Des roses en hiver,false
"Great Ecstasy of Woodcarver Steiner, The (Große Ekstase des Bildschnitzers Steiner, Die)",false
In Harm s Way,false
Maidentrip,false
What Fault Is It of Ours?,true
William S. Burroughs: A Man Within,false
1981,false
"Horse s Mouth, The",true
Jim Jefferies: BARE,false
(Untitled),true
Vali,true
Twilight,false
"Yobi, The Five-Tailed Fox",true
Mutant Chronicles,true
W Delta Z (a.k.a. The Killing Gene),false
Before Sunset,false
"Way, Way Back, The",true
Rampage,false
Pale Flower (Kawaita hana),false
Barry Lyndon,true
My Last Day Without You (Nie mehr ohne Dich),true
"Laughing Policeman, The",false
Big Sur,false
Bikini Summer II,true
"Hungarian Fairy Tale, A (Hol volt, hol nem volt)",false
Eternally Yours,true
Shutter,true
Angels with Dirty Faces,false
"Man Who Loved Cat Dancing, The",false
 Salem s Lot,false
Jerry Seinfeld:  I m Telling You for the Last Time ,true
Nymph,true
King & Country,true
Glumov s Diary (Dnevnik Glumova),true
"Temp, The",true
"Love Guru, The",true
"Edge of Heaven, The (Auf der anderen Seite)",true
"I Love You, Don t Touch Me!",true
Jerusalem Countdown,false
We re Back! A Dinosaur s Story,false
Boyhood,true
Camille,false
Many Rivers to Cross,false
High Test Girls,false
"Black Stallion Returns, The",true
"Jacket, The",false
Roman Holiday,false
"Beast with Five Fingers, The",false
Devils on the Doorstep (Guizi lai le),true
Sword of the Stranger (Sutorejia: Mukô hadan),false
Iran Is Not the Problem,false
Chungking Express (Chung Hing sam lam),true
Unlawful Entry,false
Dr. Seuss  The Lorax,false
Double Dynamite,false
Star!,true
Graduation Day,true
Pine Flat,true
"Aquí llega Condemor, el pecador de la pradera",false
Dead Silent,true
Gate of Hell (Jigokumon),false
Levitated Mass,true
Maîtresse (Mistress),false
Three Men and a Baby,false
"Whip and the Body, The (Frusta e il corpo, La)",false
Hunting Elephants,false
Stalin,true
"Ballad of Jack and Rose, The",false
Vito,false
Punch-Drunk Love,false
Sleeping with Other People,false
Little Children,false
Mustalaishurmaaja,true
Clear and Present Danger,false
Philadelphia Experiment II,false
Pacific Rim,true
National Velvet,true
Blind Husbands,true
Henry Kissinger: Secrets of a Superpower (Henry Kissinger - Geheimnisse einer Supermacht),true
"I Love You, Man",true
With Honors,false
The Prisoner,true
Breaking Point,true
"Front Line, The",true
"American Werewolf in London, An",true
Mimino,false
Sweet Mud (Adama Meshuga at),false
Girls Just Want to Have Fun,false
Tokyo Sonata,true
"Man Who Loved Women, The (Homme qui aimait les femmes, L )",true
Alice and Martin (Alice et Martin),true
"Planet of the Future, The",false
One Spy Too Many,false
Blue Caprice,true
"Milwaukee, Minnesota",false
Blue Spring (Aoi haru),false
Sun Don t Shine,true
Tribulation,true
Xiu Xiu: The Sent-Down Girl (Tian yu),false
Stuff and Dough (Marfa si banii),false
